Username,Fullname,Email,Password,GroupsToBeAddedInto
spavluk0,Sly Pavluk,spavluk0@altervista.org,yqImDf8,americanexpress
erigeby1,Ellsworth Rigeby,erigeby1@unblog.fr,akHt1I,americanexpress
bspreadbury2,Bourke Spreadbury,bspreadbury2@blinklist.com,5X5Zyfhj5,mastercard
jgrange3,Janis Grange,jgrange3@hostgator.com,fjg2f4I,americanexpress
agrishanov4,Aylmar Grishanov,agrishanov4@twitter.com,jtJ9FUTXXmsP,visa
kwillets5,Kip Willets,kwillets5@amazonaws.com,bCYcWv5,mastercard
amepsted6,Arlen Mepsted,amepsted6@elegantthemes.com,XShQ8vseB,americanexpress
pjozef7,Paula Jozef,pjozef7@smh.com.au,ZtOiHxB9,americanexpress
jtofanini8,Janifer Tofanini,jtofanini8@bbc.co.uk,XqyhAA5ot,americanexpress
jsprowle9,Jackie Sprowle,jsprowle9@yolasite.com,SWbqxPoD5,mastercard
sfonquerniea,Shepperd Fonquernie,sfonquerniea@yellowbook.com,fKIuEcny,mastercard
hadnettb,Hurleigh Adnett,hadnettb@slashdot.org,XIZzGQ,americanexpress
mhugoc,Michelina Hugo,mhugoc@spotify.com,cK9KjN9,americanexpress
cfloundersd,Chevy Flounders,cfloundersd@networksolutions.com,uuVMrwrn6jLZ,visa
bbrodheade,Benjamen Brodhead,bbrodheade@yolasite.com,1c9ln2f,visa
tbeacomf,Tiffanie Beacom,tbeacomf@aboutads.info,NaCOUiA,americanexpress
thotsong,Thorvald Hotson,thotsong@biblegateway.com,WlbH4m140Mu,americanexpress
amclearyh,Aubert McLeary,amclearyh@skype.com,Qm6YuZP,americanexpress
dlurcocki,Daryle Lurcock,dlurcocki@upenn.edu,7IOD3QJ,visa
xflagj,Xenos Flag,xflagj@usgs.gov,k2QYsI1aSJ,visa
ddunk,Diane-marie Dun,ddunk@myspace.com,n7r8ocyQ7WY,mastercard
dcollingworthl,Daffy Collingworth,dcollingworthl@lulu.com,Yam224EYRyGa,visa
cjennom,Corrie Jenno,cjennom@aboutads.info,jJyuvGh,visa
lmilnern,Leelah Milner,lmilnern@deliciousdays.com,Y4les4KoZ,visa
hconeo,Hettie Cone,hconeo@chronoengine.com,01ZczY,visa
pbuggep,Petronilla Bugge,pbuggep@edublogs.org,WfGvK2j66MrL,mastercard
apentlandq,Aleen Pentland,apentlandq@wiley.com,3MrMYdpEfwvU,visa
mplomerr,Maxine Plomer,mplomerr@mayoclinic.com,p0Hd9C,americanexpress
jwheaters,Joleen Wheater,jwheaters@stanford.edu,zF6rWWRngSU,visa
mbarnbyt,Major Barnby,mbarnbyt@about.me,JmPremYE,americanexpress
mswalteridgeu,Mirabelle Swalteridge,mswalteridgeu@earthlink.net,M6OK2E,visa
lhallv,Lennie Hall,lhallv@nature.com,M56g8Th,americanexpress
egaywoodw,Engracia Gaywood,egaywoodw@sbwire.com,9yzLlyhc,americanexpress
dphizacleax,Dennison Phizaclea,dphizacleax@nps.gov,oiZQK1,americanexpress
cflauniery,Cross Flaunier,cflauniery@freewebs.com,5kYqmem3,americanexpress
dmaccarterz,Devlen MacCarter,dmaccarterz@hexun.com,bf9U1qhX1,americanexpress
nspilsburie10,Noellyn Spilsburie,nspilsburie10@gravatar.com,DBEj0pkhqFX,visa
sdodshun11,Stevena Dodshun,sdodshun11@stanford.edu,jVfUt3T5gULa,mastercard
mdedon12,Marnia Dedon,mdedon12@example.com,Xuv6Jq,visa
eboik13,Elnora Boik,eboik13@geocities.com,D4DyUewd0g,americanexpress
smulder14,Sofie Mulder,smulder14@i2i.jp,nVhDXcg,visa
gfritche15,Granthem Fritche,gfritche15@tmall.com,Fg418JHHotrn,visa
emcinteer16,Evangelina McInteer,emcinteer16@dagondesign.com,4YQ7SRHN,visa
mlammerts17,Mikkel Lammerts,mlammerts17@paypal.com,WBS3SJO5,mastercard
fbaison18,Faulkner Baison,fbaison18@phpbb.com,wY6niSBE7TN,americanexpress
mhannibal19,Maris Hannibal,mhannibal19@tripadvisor.com,zDsi4bbQ6w,americanexpress
fgoodbarr1a,Florette Goodbarr,fgoodbarr1a@wikimedia.org,7INnrOpnenN,americanexpress
mmollitt1b,Minna Mollitt,mmollitt1b@goodreads.com,viTuy6vo,americanexpress
bcasswell1c,Bettina Casswell,bcasswell1c@addtoany.com,RXKtE0ISY,visa
cobington1d,Ceil Obington,cobington1d@domainmarket.com,CVHij4iEwB5,mastercard
ysnozzwell1e,Yvor Snozzwell,ysnozzwell1e@census.gov,j7NQZjZ,mastercard
ndevonside1f,Noelle Devonside,ndevonside1f@ibm.com,09C7LCqg,mastercard
kpeetermann1g,Klarika Peetermann,kpeetermann1g@sourceforge.net,etjJvY4ZljM6,visa
dtuohy1h,Dell Tuohy,dtuohy1h@archive.org,me5uKXP,visa
jratazzi1i,Jacqueline Ratazzi,jratazzi1i@forbes.com,DGeH7NXV8mU2,americanexpress
vkowal1j,Vanda Kowal,vkowal1j@over-blog.com,2BmLuFyj,americanexpress
rrivilis1k,Rupert Rivilis,rrivilis1k@is.gd,CPv1j0JipcD,mastercard
cransom1l,Caitrin Ransom,cransom1l@tiny.cc,OrjIHDu,visa
cbemwell1m,Cinderella Bemwell,cbemwell1m@csmonitor.com,wBsKUSBBEc,americanexpress
vmurton1n,Virgil Murton,vmurton1n@smugmug.com,oEffGD,visa
awolfenden1o,Alix Wolfenden,awolfenden1o@wikimedia.org,oA4i7c,americanexpress
mcompson1p,Maisey Compson,mcompson1p@blog.com,O37TvZN3QY,mastercard
teccleston1q,Trudy Eccleston,teccleston1q@free.fr,nvpaBN,visa
eleftly1r,Emlyn Leftly,eleftly1r@auda.org.au,rVxgNM6I,mastercard
dgrayley1s,Demetra Grayley,dgrayley1s@uol.com.br,wP3J1z,mastercard
rpidler1t,Renard Pidler,rpidler1t@cnn.com,0UwTzie,mastercard
lkeilty1u,Lacie Keilty,lkeilty1u@xinhuanet.com,fN7Yo4G,americanexpress
cjacquemot1v,Calida Jacquemot,cjacquemot1v@elpais.com,qMv759Z9j,americanexpress
alangworthy1w,Althea Langworthy,alangworthy1w@prnewswire.com,ltdQ4g,mastercard
asurmeyers1x,Arlana Surmeyers,asurmeyers1x@rambler.ru,9hZ9Dn5,mastercard
kcleft1y,Katie Cleft,kcleft1y@mashable.com,29Zm9okHKq,americanexpress
athemann1z,Ambur Themann,athemann1z@un.org,T4z9tmf6Umj,americanexpress
cspinozzi20,Clemente Spinozzi,cspinozzi20@networkadvertising.org,shIlODuajuqr,mastercard
kgemson21,Karoline Gemson,kgemson21@cargocollective.com,aKrgJy,mastercard
acaban22,Alfredo Caban,acaban22@oaic.gov.au,TmsbSF,mastercard
scornfoot23,Shaughn Cornfoot,scornfoot23@soup.io,aUhC7pqF3qO,visa
mcampany24,Mickie Campany,mcampany24@plala.or.jp,mi50KqjhYh,americanexpress
cjordeson25,Celie Jordeson,cjordeson25@hc360.com,N7O3NoVB,americanexpress
hmcnevin26,Hillard McNevin,hmcnevin26@digg.com,gMjaUdhTagE,visa
bsimko27,Bryan Simko,bsimko27@e-recht24.de,c6Gzjs5mn9,americanexpress
racton28,Red Acton,racton28@hubpages.com,xiBTpmftPP,visa
dizakof29,Dotty Izakof,dizakof29@google.es,eB11yAgvdCO,mastercard
mmaclice2a,Melissa MacLice,mmaclice2a@ucsd.edu,xX19P23c1D,americanexpress
tvarnam2b,Tristan Varnam,tvarnam2b@bing.com,C9ebjg,visa
mgerg2c,Melanie Gerg,mgerg2c@google.it,cYanZP0t,mastercard
tlindstedt2d,Teodor Lindstedt,tlindstedt2d@ovh.net,jwKtosWKsgsB,americanexpress
thyett2e,Trevor Hyett,thyett2e@t.co,WIj3XruO6FEe,mastercard
jwelham2f,Joann Welham,jwelham2f@google.com.hk,VL3HMNyQ,visa
lgleeson2g,Lida Gleeson,lgleeson2g@netscape.com,2hzo7jIGp,visa
bscargle2h,Bradley Scargle,bscargle2h@mediafire.com,7CuR7Fm0jdMu,visa
lchristofor2i,Leilah Christofor,lchristofor2i@bloglines.com,LAuVJQ05vGC,mastercard
bquerree2j,Bertrand Querree,bquerree2j@friendfeed.com,pWSVW1Ht7J,visa
sdekeyser2k,Sammy Dekeyser,sdekeyser2k@yale.edu,fGVEVgj,visa
mfassan2l,Marjorie Fassan,mfassan2l@yahoo.co.jp,4jjvtNbbV,mastercard
ashimon2m,Aida Shimon,ashimon2m@meetup.com,KrE02vhs,visa
ccholonin2n,Chrisy Cholonin,ccholonin2n@gnu.org,slNBo2,americanexpress
wcariss2o,Willi Cariss,wcariss2o@java.com,7nZRMmn,americanexpress
medler2p,Misty Edler,medler2p@state.tx.us,jSk0WgvEln4,visa
fgatchel2q,Fredelia Gatchel,fgatchel2q@indiegogo.com,SECPLiJ5h,visa
amaccahey2r,Aleece MacCahey,amaccahey2r@wisc.edu,HOcVylobU,americanexpress
